id,channel,category,title,content,view_cnt,like_cnt,comment_cnt,created_at
1,mam2bebe,의류,"뉴발란스 키즈 에센셜 하이 글로시 아동 숏 다운 패딩 207,700원","기본 패딩 디자인이구요. 
딸램용 숏패딩 다운으로 유광이라 이뻐요 ㅎㅎ 

5%쿠폰에 등급쿠폰,페이 할인 등
다 받으면 207,700원 나와요.",6396,58,10,2025-10-20 14:35
2,mam2bebe,의류,"컬러블록헤비숏다운 112,050","쿠폰 받으셔야해요.
그 외에도 캉캉데이라고 오늘 하루 할인 하네요. 
이거 말고 다른 다운들도 많아요. ",4871,59,32,2025-10-20 14:31
3,mam2bebe,의류,"아동 가을·겨울 내복 세트 초특가 7,900원 무배","작년에 핫딜 떴을 때 특템한 건데, 소재가 부들부들해서 겨울 내내 이것만 입혔어요ㅎㅎ

핫딜 또 안 뜨나 기다렸는데, 오늘 드디어 떴습니다.

사이즈 아직 100~120 있어요.

품절되기 전에 달리세요!",6105,34,24,2025-10-20 12:34
4,mam2bebe,의류,"구스점퍼/내셔널지오그래픽키즈 카이만 롱 헤비 다운 점퍼 110,363 초핫딜인듯","다른경로 검색하니 11만원대 가격너무 좋아서 

핫딜인거 많이들 보시라고? 올려요. 감사합니다-♡♡

후기는 검색하세요^^

​

160사이즈/카키 다 품절! 

그 외엔 다 있어요.

​

페이지 12프로 쿠폰 받아 적용하시고

일반결제 하고 삼성페이/삼성카드 결재하시면됩니다.

(조금 비싸긴하지만 삼성페이/삼성카드 없으신분들 현대카드,우리카드 청구할인 12만원대 구매가능.)

​

****** 반드시!!!! 일반결제 삼성페이 - 삼성카드 선택해 주세요. (혹시 모르니 삼성링크는 해주세요)

         아이폰은 삼성페이가 안나오는 모양이네요 ㅜㅜ

​

오케이캐쉬백 경로하시면 2프로 적립가능합니다.

​

시그니쳐 카이만 롱 구스 헤비 다운점퍼 K244UDW320",10000,267,162,2025-10-20 11:29
5,mam2bebe,의류,"뉴발란스 키즈 유광/무광 리버서블 숏다운 덕 패딩 227,050원 무배","뉴발 신상 패딩 색상 3개 있는데 다 예쁘네요!

유광 무광 리버서블로 입힐 수 있어서 좋네용ㅋㅋㅋ

날씨 확 추워졌는데 품절 전에 보러가세요

페이할인 적용하면 조금 더 저렴해요~",4127,27,6,2025-10-20 11:20
6,mam2bebe,뷰티,"참존 더블 모이스처 오일 인 세럼 플러스 30ml 6개 15,960원 초핫딜!","참존 오일인 세럼 오랜만에 이가격 보네요!

작년에 이거보다 비싸게 주고 샀던거 같은데 이거 넘 좋아요 ㅎㅎ

보습력 엄청 짱짱하고 가성비 최고에요 ㅎㅎ

핑크랑 노랑, 초록 있는데 뭐가 다른진 잘 모르겠지만.. 노랑이 인기 많은거같더라구요

개당 2,660원이라 저렴하길래 겨울 대비로 하나 쟁여봤어요 ㅎㅎ",1930,74,25,2025-10-20 11:13
7,mam2bebe,의류,"나이키키즈 조던 후드맨투맨 상하의 26,560원 무배","나이키키즈 사이즈 105부터 170사이즈까지 다양하게 있어요 

바지만사도되고 후드만 사도되네요 

모자달린옷 좋아해서 후드로만 샀는데 맨투맨도 이쁜거많아요",5379,102,13,2025-10-20 10:36
8,mam2bebe,의류,"탑텐키즈 베이직 에코 플리스 베스트 14,110원","가볍고 따뜻해서 활용도 무궁무진해요

외출용으로 샀지만 실내에서도 자주입을듯요

잘 안보이지만 주머니도 있어요

사이즈 빠진거없이 다 있습니당😄",2863,76,5,2025-10-20 10:35
9,mam2bebe,의류,"KARRA 글로시 가죽 터치패딩 22,100원 무배","글로시라 빤딱반딱한 유광 느낌있어요~

넘 부해보이지 않고 숏이라 더 예쁜거 같네요ㅎㅎ

​

가을겨울템 구경 가세요~~",4391,63,9,2025-10-20 10:35
10,mam2bebe,의류,"비너스 노와이어브라 2장 15,970원 무배 초핫딜","예전에 핫딜방에서 보고 최애템된거요ㅋㅋ

부유방커버 잘되구 편해요,,,
좀 더 볼륨 잇는거 원하시면 저중심 추천요!",3020,133,39,2025-10-20 00:10
11,mam2bebe,의류,"구스는 구스! 내셔널지오그래픽키즈 카이만 롱 헤비다운 131,690원","사이즈 넉넉하니 커요ㅎㅎ 업하면 내년에 입어요ㅜ

첨에 꺼낼때 안 빵빵한가?했는데 ...

건조기 패딩케어 돌리니깐 부풀어서 빵빵해졌어요

물어보니 처음 받으면 압축되어서 그렇데요

제기준엔 가볍고 괜찮아 만족~ 겨울에 잘입히겠어요",13000,231,103,2025-10-19 22:24
12,mam2bebe,잡화,"내셔널지오그래픽키즈 미뇽 스니커즈 운동화 20,860원 무배","기모안감 있어 한겨울에도 신을수 있겠네요

앞코가 코듀로이라서 따뜻해보여요^^

추워지는 요즘부터 한겨울까지 신을 운동화요

사이즈는 200~230까지 있어요",8832,115,44,2025-10-19 22:11
13,mam2bebe,의류,"탑텐키즈 밸런스 베스트웜 미디다운 점퍼 44,104원(유클)","유클이시면 7% 적용해서 득템하새요 ㅎㅎ

다음주부터 기온 훅훅떨어져서 준비할라구요

블랙 마침 사이즈도 있어서 사고 올려봐요 :)",7369,135,40,2025-10-19 21:54
14,mam2bebe,의류,"탑텐키즈 여아 베이직 모크넥 긴팔티 7,620원","둘다 여아용인데 기본템으로 이뻐요 ㅎㅎ

1번이 기본 터틀넥에 겉에만 기모로 따듯하게나온거

2번은 몸에 살짝 붙는핏으로 나온재질이요

둘다 목부분은 애들 불편하지않게 나왔구요 :)",6872,204,34,2025-10-19 20:26
15,mam2bebe,의류,"꼼파뇨 크래킹 후드 윈드브레이커 34,650원 (후드 집업도 세일 중)","한참 쌀때는 3만원 이하로도 내려가던데

그래도 4만원 후반대였다가 3만원대로 떨어져서 공유합니다.

그래이 블랙 두가지 색상 있어요.

배송느림 주의!!!

이 옷은 세일 자주 하지만 그래도 세일 중이니 공유.

24,300원이요.

문제시ㅜ알려주시면 수정할께요!",11000,197,38,2025-10-19 11:25
16,mam2bebe,의류,"여자 덕다운 어니언퀼팅 경량 패딩 글로시 라인 36,000원","전 브라운 있는데 글로시라고 해도 그렇게 튀지 않아요! 브라운 잘 입었어서 이번에 블랙 구매했어요😉

가을 이벤트 적립금 3000p 받아서 사용하면 36,0000원",7288,51,7,2025-10-19 10:39
17,mam2bebe,의류,"베베쥬 어게인 조거팬츠 7,790(실사) 맘에들어요!!!!!","키110 / 18키로. 110사이즈 기장딱맞아요 ( 건조기 돌림) 

이제 쌀쌀해져서 그런지 지금입기 딱좋운 두께입니다 

허리 고무줄도 편할꺼같아요

가성비 좋네요!! 
​

쿠팡에 사이즈가 없어요 ㅠ (재입고 알람 해둬야 할꺼같아요) 


롯데온 , 공홈에 사이즈있으면 사세요!!!",12000,247,39,2025-10-19 09:09
18,mam2bebe,의류,여성 와이드핏 슬랙스 26730원,"바지 필요하신분~

갑자기 날씨가 쌀쌀해져서 긴바지 샀어요.

두개샀는데 하나값도 안되서 공유해요.

고무줄 끈이구요. 프로젝트엠 바지 몇번입어봤는데 

재질 괜찮아요~ 

쿠폰 다 받고, 라운지 가입하고 나면 하나에 3만원도 

안되네요:)",6376,91,11,2025-10-19 08:04
19,mam2bebe,의류,"밀리밤 코듀로이 부츠컷 바지 8,420원","부츠컷 바지인데 적당한 두꺼워서 지금 입히기 좋아요

브라운이랑 블랙 중에 고민하다가 결국 블랙으로 골랐어요^^",5456,75,9,2025-10-19 00:31
20,mam2bebe,의류,"베베쥬 포근레이어드 상하복 13,700원","기모 상하복들 싸게 풀렷는데

쓱 보니까 예쁜거 많이 나온거 같아요!!

이건 레이어드 느낌이라 더 이쁘길래 공유요~~

​",5004,72,17,2025-10-19 00:19
21,mam2bebe,의류,"노스페이스 NJ3NR51 키즈 뉴퍼피 온 자켓 132,810원","날이 갑자기 추워져서 겨울옷 미리 준비해두려구요

100 - 160 사이즈 다양하고

흰색,검정,핑크,카키 네가지 색상으로

무난한 디자인이라 막 입히기 좋을 것 같네요

15%쿠폰이랑 현대,롯데카드 결제시

결제 할인 7% 적용하면 제목가 나오네요 ㅎㅎ",9383,85,9,2025-10-18 21:30
22,mam2bebe,잡화,"스케쳐스 키즈 방한 부츠 스케치라이트 프로 부츠 42,140원 /블랙품절","애들부츠 두가지 색상 있고,

품절된 사이즈도 있는거 같아요

카카오페이머니 결제할인되네요

두켤레 사면 10프로 할인 된다고하니

참고하세요",8071,128,19,2025-10-18 20:58
23,mam2bebe,의류,"탑텐밸런스 수퍼스트레치팬츠/바람막이/점퍼 10,960원~ 3만무배","전 탑텐몰 서버터지고 선착 쿠폰 포기요ㅠ 

그냥 맘편하게 살래요ㅋ 가성비좋아 만원대로

어른옷 살수있으니 너무 좋아요

세트사도 하나값! 밸런스꺼는 질도 보장이에요",11000,194,15,2025-10-18 20:14
24,mam2bebe,의류,탑텐 키즈 베이직 바람막이 점퍼 12000원,"컬러많이있는제

벌써 사이즈 품절도 많아용

가격 완전 싸네요

",7181,35,6,2025-10-18 17:49
25,mam2bebe,의류,핫딜 공용 핫스킨세트6040(110~130),"흑 140은 없네요

사이즈 맞는분들 얼른 사세요

sbk랑 cpp만 130있어요

110~130",4407,47,22,2025-10-18 13:37
26,mam2bebe,의류,"폴햄 퀼팅 롱 패딩 27,480원 무배","15프로 쿠폰 받아서 쓰니까

27,480원 무배 나와용!

라이트베이지, 블랙, 카키

세가지 컬러 있어요 ㅎㅎ",8180,78,17,2025-10-18 12:09
27,mam2bebe,의류,"베네통키즈 프린팅 맨투맨/팬츠 19,430원(2개무배)","저는 이미 잘 입히고 있어요ㅋㅋ

지금 입기에 딱 잘맞는 두께요! 원단도 좋아서

세탁해도 말짱~~ 맨투맨만 따로 팬츠만 따로

사도 되지만 아무래도 세트세트가 이쁘죵❤️

소재 부드러워서 편하게 입는 상하복이에요~",9893,87,24,2025-10-18 11:06
28,mam2bebe,의류,"레프트서울 레더하프 자켓 45,150원 무배","후기가 많은데 다 좋아서

계속 째려보던거에요

어제까지 8만원대였어요

쿠폰 붙어서 드디어 사보네요

30% 쿠폰 적용하시면 돼요",11000,351,103,2025-10-18 10:39
29,mam2bebe,의류,"래핑차일드 퀼팅 패딩 4가지색상 22,720원","최근 래핑에서 본거중에 젤 저렴한거 같아요!

사이즈는 조금 크게 나와서 바로 입히시는거면 한치수 작게보시면 될듯용~",6720,122,27,2025-10-18 09:57
30,mam2bebe,의류,"타미힐피거 키즈 긴팔티 2팩세트 30,542원(개당 15,271원)","신상인데도 할인 먹혀서요!

네이비+화이트/그레이+블랙 중에 택

걍 기본티라 활용도는 넓어요 페이코에서 ssf 검색해서 7퍼도 받으세요!!",7275,123,23,2025-10-18 00:08
31,mam2bebe,의류,"캉골키즈 2레이어 후디드 웜업 점퍼 73,470원 무배","두툼한 패딩점퍼! 초겨울까지 문제없이 입겠네요

엉덩이 덮어주는 길이감 딱 좋은 길이죠

블랙인데도 배색 절개가 멋져요 초딩취향ㅋ

방풍도 되고 생활방수도 된다네요 

​",12000,123,28,2025-10-17 20:21
32,mam2bebe,의류,"72 시간 할인 핫딜 59,900원 점퍼","마르디 할인 중인데 넘 저렴한거 같아요!!

한 계절만 입어도 득템일거 같은!!!

구경가보세요 빠르게 품절 중....",7633,23,17,2025-10-17 12:48
33,mam2bebe,뷰티,"프라다 모노크롬 립스틱 27,170원","색상은 3가지밖에 없네요ㅠ

1개만 사도 무배고요

아마 3개이상사면 삼성카드 추가할인 붙지 싶어요",5077,63,34,2025-10-17 00:41
34,mam2bebe,의류,"감탄브라 FW신상 몰드부착2개 16,900원 초핫딜","감탄브라 신상 브라2장이용

사이즈 없어서 못 샀는데 신상나와서 그런지 다 있어서 얼른 샀어여^^

진짜 .. 계절마다 사서ㅋㅋㅋㅋ일년에 네번 사는거 같아요ㅋㅋㅋ",5504,176,58,2025-10-17 00:10
35,mam2bebe,의류,"탑텐밸런스 수퍼스트레치팬츠 10,960원/더블니트팬츠 16,910원","11번 스트레치는

워낙 유명한거고 

13번이 기모버전이에요 얇은 기모요

​

그리고 더블니트 팬츠는 제 최애 팬츠인데요

요즘 입기 딱 좋아요

첨엔 이름만 보고

니트소재인 줄 알고 안 샀었어요 ㅋㅋㅋ

빨아도 그대로고 무릎도 많이 안나와요

더블니트도 16,910원으로 사놓을만 해요",14000,348,46,2025-10-16 20:58
36,mam2bebe,의류,"디스커버리키즈 다운경량패딩 47,080원","경량 패딩이고 초겨울까지 입히다가

한겨울되면 이너로 입혀도 좋을듯해요

세미오버핏이고 쿠폰받음 47,080원나와요",8413,131,22,2025-10-16 19:19
37,mam2bebe,의류,에잇세컨즈 아웃포켓기모데님 부츠컷 블랙 64 67 76사이즈만 19200원,"에잇세컨즈 아웃포켓 네이비랑  아이보리 

진짜 잘입고다니는데 

요새 네이비 최애제 바진데

기모버전으로 겨울준비할려고요

가격 괜찮은듯????

​

핏 비슷할듯 해요!",9834,129,67,2025-10-16 13:51
38,mam2bebe,뷰티,프라다 립밤 임직원 50% 할인 1개 28210원,"인당 5개까지 가능해요

색상은 두가지만 가능요

7만이상 삼카 청구할인 됩니다 5%

선물하기로 구입하시면 쇼핑백 같이 온데요",11000,89,109,2025-10-16 11:14
39,mam2bebe,의류,"탑텐키즈 카카오 온에어 12,760원 (2벌이상무배)","오프라인 매장보다 저렴해여!! 

그림 여러가지 잇어요~ 

매년 이런내복 나오는거 같네요ㅋㅋ

요거 얇은데 신축성좋고 부드러워서

겨울에 바지속에 입히기도 괜찮고 가성비 좋아요!ㅋㅋ",6438,134,42,2025-10-16 11:07
40,mam2bebe,의류,"K2 패딩 구스 롱다운 남녀공용 씬에어 리바이브 155,420원 무배","남편이 운전을 많이해서 두꺼운거보다 얇은게 좋다고하길래 이거 사줬었거등여 ㅋㅋㅋ

만족했길래 이번에 제껏도 하나 장만했습니다~

저렴해용 ㅋㅋㅋ",5655,77,15,2025-10-16 10:48
41,mam2bebe,의류,"햄키즈 여아 간절기 크롭 후드티 7,410원","배송비 포함해도 만원에 3개이상무배에요

​그레이 바지가 거의품절이라..

후드2개 바지1개 하면 딱 무배에요 :)

바지는 크게나왔어요",5003,111,39,2025-10-16 10:30
42,mam2bebe,의류,"탑텐키즈 에코 데님팬츠 10종 13,300원 (2개무배)","여기 청바지 좋아요

밴딩o 신축성 꽤있는거에요

1~2번 남아 스트레이트

3~5번 남아 배기핏

6~7번 여아 스트레이트

8~10 여아 배기핏",10000,276,68,2025-10-15 21:02
43,mam2bebe,잡화,"MLB키즈 바운서 패딩 부츠 다이아 모노그램 34,600원 무배","날씨보니 겨울준비해야 될거같네요ㅠㅠ

패딩부츠 비싸던데 3만원대면 저렴해요~

딸도 올해는 어두운색 사주려고요 밝은거 때타서ㅜ

사이즈는 업해서 사세요^^",10000,149,42,2025-10-15 20:33
44,mam2bebe,의류,"지금부터 입기좋은 골지니트맥시스커트 22,870원 무배","이 스커트는 제가 블랙 자주입고 올려서 보신분들 많을텐데

날이 추워지니 그레이도 넘 아른거려서 ㅎㅎ

이 스커트만 벌써 종류별로 4벌째예요.

후기들보시면 저처럼 여러벌쟁인분들 진짜 많아요

​

보기엔 슬림핏인데 신축성 엄청 좋아서 잘늘어나요 👍",34000,713,229,2025-10-15 20:20
45,mam2bebe,의류,"블루독 라이트 패딩 점퍼 28,880원(쿠폰가) + 유배","오늘 블루독 왜이래요?? ㅎㅎ

완전 저렴하네요! 지금 딱 사야할 시기인데

인기 컬러 아직 있네요! ㅎㅎ 

달리세요! ",9253,83,28,2025-10-15 18:28
46,mam2bebe,의류,"NBA 키즈 구스 롱다운 81,470원","벌써부터 이렇게 추운데 겨울에는 얼마나 더 추울지 감도 안오네요~ㅎㅎ

작년엔 숏패만 입혔는데 역시 롱패만한 게 없더라고요ㅠㅠ 

미리 구스 롱페딩 장만했어요.

8만원대면 무조건 구스가 낫더라고요!!! 

색상이랑 디자인도 무난하고, 구스라 따뜻할 거 같아요ㅎㅎ",6227,191,28,2025-10-15 14:35
47,mam2bebe,잡화,무인양품 스니커즈 5900원 핫딜 (2개 구매시 무배),"와 핫딜 발견요 맘님들!

5900원에 두켤레 구매하니까 무료배송으로 결제되네요? (저는 두켤레 무배로 결제완!)

상세페이지에는 3만원 이상 무배인데 잘못설정된건지.. 일단 빠르게 공유해요~^^",6804,93,63,2025-10-15 13:14
48,mam2bebe,의류,"스파오 공용 아틀란타 배색 풀오버 후드 맨투맨(그레이)9,480원","색상은 멜란지그레이,

M 사이즈 제외하고 할인해요.

부드럽다는 평이고 공용이라 넉넉.",7238,15,23,2025-10-15 06:26
49,mam2bebe,의류,"블루독베이비 경량패딩 30,760원","경량패딩 색깔 이쁜디 3만원밖에 안하네여!

얼마전에 하나 샀는데 또 샀어요 ㅋㅋㅋ

온쇼페 지나면 가격 올라갈거같네욤 ㅎ",7856,79,61,2025-10-15 00:32
50,mam2bebe,의류,"티파니 블랙 샤이닝 오리털 패딩 138,810원 무배(가격내림)","작년에 백화점가서 정가주고 사준패딩이에요ㅠ

이거 진짜 가벼워요 (구스보다 더~) 

약간 몽클느낌에 말랑콩떡한 느낌요ㅎㅎ

살짝 박시해서 안에 두꺼운옷 입어도 여유있고요",12000,165,81,2025-10-14 22:04
51,mam2bebe,의류,"에블린 파자마 상하의세트 8,550원 외 브라팬티 초핫딜","다 엄청저렴해요 ㅋㅋㅋ만원 넘는게 없어여!

사이즈맞으면 얼른 고고하세여!!!",12000,144,36,2025-10-14 16:43
52,mam2bebe,의류,"내셔널지오그래픽키즈 구스 다운점퍼 118,285원 무배","지난번에 올라와서 못샀는데 놓친 분들 이번에 겟하세용,,❤️

컬러 총 4개 사이즈는 넉넉하게 나온편이니 참고하세요~

아이들 한겨울 야외활동 할 때 좋아요.

15% 쿠폰이랑 현대카드 7% 청구 할인넣으면 저가격 나와요.

내일 오전 8:59까지만 할인하네요.",7359,114,28,2025-10-14 15:52
53,mam2bebe,의류,"나이키 코르테즈 44,430원 무배","250까지 있어서 여자사이즈는 요 키즈모델로 사면 싸요

데일리로 잘 신을듯해여 ㅎㅎ",9385,203,22,2025-10-14 14:49
54,mam2bebe,뷰티,나이아신아미드 세럼 80ml 8190원,"쓰다가 날아가서 의욕 상실.. 

피부과 의사 스레드보고 써봤는데 진짜 지우개 수준 미백효과예요. 후기 찾아보세요 진짜 대박템..

저는 기미에 효과 많이 보고있어요

가격보고 놀라서 올려요. 

두개사면 

2만이상 5천 쿠폰 적용해서 한병 8190원꼴

고함량이라 민감하신분들은 비추",6383,223,66,2025-10-14 14:31
55,mam2bebe,의류,"네파 키즈 크로싱 패딩 자켓 30,800원 무배","네파 키즈 패딩 3만원  초반이네요~

주말에 10도이하라고  많이 쌀쌀해진다고 해서 미리 사두려구용ㅎㅎ​

득템 하세요~~",6732,82,7,2025-10-14 13:02
56,mam2bebe,의류,"노스페이스키즈 스쿨데이 3pcs 세트! 70,430원","아이 등원시키는데 왤케 춥나요;

지난주까지만해도 반팔에 얇은자켓 입혀서 보냈는데 이젠 안되겠어요

또 이렇게 갑자기 온 추위에 게으른 엄마는 급하게 준비합니다ㅠㅠ

일찍 주문하니까 오늘 보내주면 좋겠는 맘ㅎㅎ

세트는 바지가 항상 커서 4살 100했어요",7751,96,20,2025-10-14 08:32
57,ppomppu,뷰티,디오프러스 기초로션 바디워시 수분크림 임박 제품 (3900원~/유배),"모이스처라이딩로션 100ml 3900원

비건 인텐 수딩크림 100g 4900원

부케로즈 바디워시 500g 5900원


임박특가 할인합니다.

유통기한은 26년 후반~27년 초반입니다.

참고하시고 보시면 좋을듯합니다.

만원 이상 구매시 무료배송이네요.",611,0,0,2025-10-20 21:59
58,ppomppu,뷰티,"아벤느 미스트/크림/로션/클렌징젤 등 (11,210원~/무료배송)","아벤느 오떼르말 미스트 300ml 3개+50ml 증정 27,680원

시칼파트 플러스 크림 100ml 2개 28,490원 등등 있습니다

전 구매 미니어쳐 2종 증정부터 5만원이상부터 구매금액별 사은품 있네요

카드할인은 국민/신한/농협 가능하고 3만원 이상 묶음할인 10% 있습니다",1747,2,0,2024-05-09 9:22
59,ppomppu,뷰티,"아벤느 오떼르말 미스트 300ml 3개 외 다양(28,730원~/무료)","아벤느 미스트/로션/클렌징젤 등 전체적으로 할인하네요

즉시할인 10% + 11톡친구 20% 할인에 

국민,신한,농협 카드할인 10% 추가할인 되고 

제품에 따라붙는 증정에 금액별 증정까지 있어서 구성도 좋습니다.",1886,0,0,2024-08-22 0:11
60,ppomppu,뷰티,아벤느 트릭세라 뉴트리 플루이드 로션 200ml 2개 (23950원/무배),"쿠폰 주는거 다 적용하면 가격 나와요

보습력도 괜찮고 이정도면 저렴한데 카드할인 받으면 더 싸져요",2603,0,1,2025-03-06 15:09
61,ppomppu,뷰티,"아벤느 시칼파트 크림 100ml*2 + 클리낭스 클렌징 젤 100ml 증정 (28,810원/무료배송)","아벤느 시칼파트 크림이 저렴하게 

올라왔기에 공유합니다 

100ml 두 개 세트에 클리낭스 클렌징 젤 100ml까지

덤으로 주는 구성이라 가성비가 괜찮아 보이네요. 

피부진정 3종키트 사은품 있고

선착순으로 주는 제품도 있네요. 

알림받기 쿠폰을 적용하면 28,810원까지 떨어집니다.",1033,1,0,2025-03-11 9:45
62,ppomppu,뷰티,"아벤느 이드랑스 에센스 인 로션 200ml 2개+25ml 2개 증정(22,860원/무료)","아벤느 로션인데 에센스 로션이라

피부 건조가 심한 분들에게 추천드려요.

가격 할인도 많이 되었고

2개에 작은사이즈도 증정해서

작은건 여행갈때 쓰면 좋을듯 하네요.",3002,1,3,2025-04-24 12:59
63,ppomppu,뷰티,"아벤느 오떼르말 미스트 300ml 3개+50ml 증정 외 다양 (33,130원/무료)","총 900ml 대용량이 15% 톡쿠폰적용가 33130원 나오네요

이드랑스 딥모이스트 로션과 클리낭스 클렌징젤도 저렴한거 같습니다

증정은 기본으로 VAGg 세럼+크림 각2ml와

4만원 이상 구매시 사은품 있으니 참고하시면 될듯합니다",2708,0,0,2025-07-13 0:10
64,ppomppu,뷰티,"아벤느 클리낭스 클렌징젤 400ml 2개+15ml 2개 (24,270원/무료)","기본20%쿠폰에 국민/신한/농협카드 결제시 개당 12000원대 나오네요

약산성이라 트러블이나 민간함 피부이시면 써보셔도 괜찮을거 같습니다

3.5만원 이상 구매시 증정품 있으니 참고하세요",1708,0,0,2025-09-14 10:07
65,ppomppu,뷰티,"아벤느 톡딜 오떼르말 미스트 1L 대용량 세트 32,900원 무배 외 다수","아벤느 톡딜 떴어요

행사는 토욜까지고 낼은 아침 10시에 라방한다는데

방송 중에 구매하면 한정수량으로 전구매 사은품도 주고 인증 하면

레디백도 준다니까 샘플 필요하신 분들은 라이브 알림 설정해두시고 낼까지 기다리는 게 좋을 것 같아요",938,0,0,2025-09-25 14:29
66,ppomppu,뷰티,"미르와르 두블르 화세뜨 손거울 + 샘플 2종 (41,000/무배)","보통은 그냥 파는데 이번엔 샘플 2종 추가로 주네요.

화이트데이용으로 사시는 분들은 선물포장 추천드립니다.",9984,4,14,2025-03-04 0:49
67,ppomppu,뷰티,"카밀 핸드크림 클래식 100ml*3개 외(6,480원/와우무료)",아래 133ml 용량이 부담스럽고 작은 용량으로 여기저기 두고 쓰실 분은 이거 구입하시면 될 것 같습니다.,5473,0,2,2024-12-26 11:10
68,ppomppu,뷰티,"카밀 바디워시 100ml 3개 (4,000원/무료)","향 자몽이랑 라벤더 있는데

유통기한 2026.7.1까지라 기간 넉넉하네요",4937,5,6,2025-09-12 19:06
69,ppomppu,뷰티,"클로란 패밀리세일 퀴닌, 시트러스 샴푸 (9,900원~/무배)","클로란 패밀리세일 떴습니다
쿠폰적용하면 샴푸 9900원으로 저렴하고
컨디셔너, 두피세럼,드라이샴푸 등 품목 다양하니
구경 해보시면 좋을듯합니다",2262,1,3,2024-11-13 12:03
70,ppomppu,뷰티,"바세린 모이스처 바디로션 1078ml 2개 +핸드크림 60ml(11,740원)","겨울엔 피부가 건조해져서 바디로션 챙겨 바르는 편입니다. 

1리터 두 개라 넉넉하네요. 

유클전용 15%+빡세일 4%쿠폰 적용하면 제목가격 나오고, 

사은품포함 개당 5,870원입니다.",1392,2,0,2025-10-17 0:16
71,ppomppu,뷰티,"바세린 바디로션 어드밴스드 외 400ml 2개 (12,380원/무료)","가을,겨울 피부갈라질 때 보습용으로 쓰기 좋아요

발림성 좋고 끈적임 덜합니다.

 

종류 선택가능하고 400ml 2개 기준입니다.",1950,0,0,2025-10-16 22:12
72,ppomppu,뷰티,"닥터지 블랙 스네일 크림 50ml 1+1 (카드 23,720원 / 무료)","카드할인가로 최종 23,720원 나오는데

지금 뷰티어택 기간이라 10% 적립있어서

체감가 21,350원 정도 나올거에요



이마나 눈가 등 주름 잡히기 쉬운 부위에 바르시면 되는데

보습도 될거라 건조할때 발라도 좋습니다.

구매금액대별 사은품은 3만원부터 적용되네요",1216,0,0,2025-10-15 12:26
73,ppomppu,뷰티,"더마팩토리 매끈결 모공 클레이 팩 클렌저 100g 1개 (와우 7,200원/무료)","팩클렌저에요 팩 + 클렌징 동시에 할 수 있는겁니다
얼굴에 펴 바른 후 2~3분 후에 씻어내면 되는거에요
피부결 좋아져요",1339,0,0,2025-10-15 12:07
74,ppomppu,뷰티,"퓨어그라운드 히알루론산 화이트닝 수분크림 100ml 1+1 (신규가입시 13,900/무배)","신규회원가입시 2,000원 할인쿠폰 적용되서 13,900원 나옵니다.
사은품으로 대용량물통1개랑 퍼퓸핸드크림 증정있다고하네요.",1263,0,0,2025-10-14 19:55
75,ppomppu,뷰티,"프리메라 맨오가니언스 스킨 로션 2종 + 미니어처 (37,740원/무료)","향 쎈거 싫어하는데 이건 은은하니 좋아요

본사 직영인데 쿠팡 와우로 살 수 있어서 편하네요

미니어처도 50ml라 커서 헬스장에 두고 써요",1717,0,0,2025-10-14 10:57
76,ppomppu,뷰티,"후시다인 더마 트러블 버블 클렌저 155ml (9,900원 / 네멤무료)","주로 여드름성 피부에 쓰는 클렌저 같습니다.

거품 풍성한편이라는데 일단 문제부위에 써도 자극없다는게 장점이네요

오늘 하루동안 9,900원인데

시간지나면 13,900원으로 돌아갈수 있습니다.

여드름성 피부말고 민감피부이어도 사용하기 괜찮습니다.",1100,0,1,2025-10-10 19:03
77,ppomppu,패션,"지이크 체스터 롱코트 및 기본코트 3종 택1 (103,200원/무료배송)","지이크 체스터 롱코트 103,200원입니다

롯데카드 있으면 98,040원까지 나옵니다

기본 디자인이라 겨울에 입기 괜찮아보이네요

모 77%랑 캐시미어 8% 들어있어서 소재도 가격대비 괜찮은편같아요",3174,0,0,2025-10-20 21:09
78,ppomppu,패션,"앤드지 25 SEASON 이모션 슈트 (80,550원/무료)","기본컬러 블랙, 네이비 두가지고

모 70% 혼용이라 가성비 좋네요

15% 쿠폰 적용시 80,550원 나옵니다",14623,3,10,2025-10-19 22:32
79,ppomppu,패션,"리바이스 남성 514 스트레이트 진 31,590원 (무료배송)","16759""기본 색상의 블루로 가격도 저렴하니 좋네요.

사이즈 29부터 36까지 있네요.""",16759,4,10,2025-10-20 0:15
80,ppomppu,패션,"까웨 공용덕다운 롱패딩 (57,980원/무)","전투용 롱패딩이 필요했는데 괜찮은 가격 같아서 공유드립니다. 

2022년 재고이고, 몸쪽이 솜털80/깃털20이고 팔은 폴리입니다. 

그램수는 못찾는건지 알 수가 없네요. 

재고이긴 하나 까웨란 브랜드를 계속 롯데지에프알에서 운영하고 있는것 같습니다.

네이버 경유하고 국민카드 할인시 55,090원 입니다.",11667,3,8,2025-10-19 16:13
81,ppomppu,패션,"[3-LAYER] 테크니컬 윈드브레이커 (20,965원/무배)","블랙 베이지는 품절입니다.

오늘 00시까지 행사입니다. 매장가서 봤는데 이가격이면 이 퀄리티 괜찮은거 같네요. 방풍 방수 재질이고 사이즈는 한치수 작게 가시면 정핏입니다. 사진 참고해주세요. 팔이 좀 긴거 같긴한데 소매 지퍼 찍찍이 있어서 고정 가능해요",17772,3,11,2025-10-19 19:37
82,ppomppu,패션,"기모 맨투맨 (14,800원/무배)","움직이기 불편할 정도의 두툼 기모 아닙니다

약기모라서 개인적으로 가장 괜찮았네요

만원 중반대 뜨는데 XXL 까지 사이즈 있음에 올려보네요",17276,3,11,2025-10-19 9:49
83,ppomppu,잡화,"아디다스 공식 VL COURT 3.0 IF4466(29,750원/무료)","이전에 제가 매장에서 봤던 거랑 똑같은 상품인데

가격이 되게 싸보여서 올려봅니다 신한카드 300원할인되고 포인트까지 적립있어서 체감가는 더 내려갈거같네요

 

디자인 맘에 드시는 분은 싸게 살만해보이네요",20217,5,6,2025-10-19 14:50
84,ppomppu,잡화,"타미힐피거 할렘 코어 레더스니커즈+13,000포인트 (54,378원 /무배)","꾸안꾸룩에 갠츈할듯요.

타미슈즈쿠폰 + 20%쿠폰 + 더블5% + 13,000P

먼저 받으세요.

슈즈41% 기획중이라 매우저렴한편인듯요.

다른옷도 행사중이네요 참고요.",19706,0,12,2025-10-19 11:03
85,ppomppu,패션,"네파 25FW 에센셜 벤치 롱다운자켓 (129,000원/무료)","25년 신제품 롱패딩입니다. 

무릎보다 아래로 내려오는 기장, 우모량 360g (80:20)

 
디자인도 그렇고, 컬러도 블랙에 밝은 그레이라서 유행안타고 오래입기 좋은 기본템입니다.


제가 학교다니는 자녀나 조카는 없지만, 가성비 좋아서 부담없이 애들한테 사주기도 좋을 것 같아요.

SSG 슈퍼위크 10% 할인쿠폰만 적용하고 12.9만입니다.",11707,0,8,2025-10-18 21:06
86,ppomppu,패션,"역대가 아이더 스테롤 윈드스토퍼 구스다운 137,770원/무료","지난달에 18만원 주고 사서 입지도 않았는데 한달도 안되서 4만원이상 폭락했네요


주식도 아니고ㅠ  많이 저렴한거같아서 와이프 작은 사이즈 사줄까했는데 

 
다른 다운들 많다해서  아이꺼로 물타기 해봅니다.


요새 패딩들 얇아졌는데 이건 도톰하고 깔끔해서 그냥 막입기 괜찮습니다.


기본 푸퍼 스타일이라 그냥 다 무난 무난합니다  


원래 만원더 싼 스테롤 구매하려다  이게 연식이 그나마  24년도 작년꺼라 이걸로 구매했어요


스테롤 자체도 아이더 메인이라 품질도 좋습니다.



더 자세한건 상품설명 참고 하시면 될거같습니다

 

색상이 저는 살짝 아쉬웠네요...



블랙 좀 피하고 싶었는데 블랙 말곤 저한테 선택지가......

 

네이비나 차콜같은 칼라도 있었으면 좋았을텐데 생각 하면서 이만~ 

 

댓글 질문 주시면 아는선까지 달아드립니다",58617,16,19,2025-10-18 15:52
87,ppomppu,패션,"K2 시그니처 데일리 구스다운 102,040원/무료","뽐게글 올리려고 주저리 떨다 어머님 하나 사드릴려고 보니까 사이즈가 없네요 ㄷㄷㄷ 

 

왜 싼가 했더니..; 블랙 100품절



와인 90 95 100 블랙 90 95만 있습니다 참고하세요







ㅡㅡㅡㅡㅡㅡㅡㅡㅡㅡㅡㅡㅡㅡㅡㅡㅡㅡㅡㅡㅡㅡㅡㅡㅡㅡㅡㅡㅡㅡㅡㅡㅡㅡ







마누라 옷인데 되게 싸졌네요



사진이 구리게 나왔는데 실물은 여성복 의류에서 나오는 느낌이고 이쁩니다. 



등산복 느낌 거의 없고 이쁘긴한데..



젊은분들 보다 나이좀 타는게 있으니 참고하세요



30대후반~어머님 나이대 추천드립니다.  지극히 개인적인 의견입니다.



10만원이면 가격 깡패인 느낌이네요 제 마누라는 작년 20정도 주고 샀음.



시그니처 들어간 이름이라 고급스러워서 샀었는데 정가는 많이 안비쌉니다 



두께도 적당하고 필요하신분들은 구매하시면 될거같네요",25397,2,5,2025-10-17 21:19
88,ppomppu,잡화,"블랙야크 고어텍스 트레킹화(56,410원/무료)","뽐게에 고어텍스 신발들 많이 올라오는데

5만원대에 고어텍스 대부분 사이즈가 남자사이즈가 없더라고요ㅠ

남자 사이즈 있습니다 ㅋㅋㅋ",16118,3,0,2025-10-17 18:18
89,ppomppu,패션,"K2 헤비구스 시그니처 고스트 윈드스토퍼 다운 284,080원/무료","뽐뿌 한번 올라왔다가 가격오르고 다시 내려왔네요 저번하고 같습니다.

 
대장급 고스트 풀렸네요 . 



시그니처 라인으로 계속 나오는 모델입니다 



지난 뽐게글 참고하시면 도움 될거같구요",27383,5,10,2025-10-17 14:16
90,ppomppu,패션,"타미힐피거 한섬공식판매처 에센셜 테리 후디 페이코 (71,908원/무료)","먼저 페이코 들어가서 SSF 검색하시면 7% 쿠폰 주는 거 뜰겁니다

먼저 받으신 다음에 링크 타고 들어가서 다른 쿠폰도 받으세요

결제창에서 20%+10% 쿠폰 적용 후 페이코 결제하기 들어가면 7% 추가로 가격 나올겁니다",18633,4,14,2025-10-17 13:26
91,ppomppu,패션,"컬럼비아 남여 플리스자켓 28,180원/무료","컬럼비아 남여 플리스자켓입니다 
 

뽐뿌에 좀 오래 계셨던분들은 대부분 잘아실것 같구요 

 

작년에 블랙이랑 라이트그레이 구매했었고 좀 전에 다크그레이랑 민트 구매했네요 

 

작년엔 베이지 계열이랑 투돈 컬러도 있었던것 같은데 올해는 안보이네요 

 

 

 

직수입 상품이라 그런가 사이즈가 좀 큽니다 

 

제껀 한치수 다운하니 잘맞고 와이프는 반대로 한치수 업하니 여유있게 잘맞더라구요 

 

제가 브랜드에 따라 100도 입고 105도 입는데 이건 100이 잘맞습니다 

 

디자인이 딱히 이쁘다 이런건없고 그냥 부담없이 유행안타는 기본 스타일입니다 

 

저는 좀 쌀쌀해 질라할땐 외피로입고 한겨울엔 내피용도로도 잘입었네요",43589,26,13,2025-10-16 21:44
92,ppomppu,잡화,"휠라 운동화 쿠셔닝 스니커즈 타르가LT 타르가클래식 5종 택1(34,310원/무배)","클래식이 청바지나 편한 옷차림에 신기 깔끔하고

클럽이 조금 더 가볍고 쿠션있어요",17221,5,7,2025-10-16 20:38
93,ppomppu,잡화,"스케쳐스 남성 슬립인스 스니커즈 (68,040원 / 무료)","요새는 구두 대신 스니커즈 많이들 신으시길래

 

저도 스니커즈 신어보려고 구매해봤습니다

 

디자인도 무난하고 손 안대고 신을 수 있더라구요

 

고워크 슬립인스 하나 있는데 일할때는 신기 애매해서 ㅎㅎ",17794,12,10,2025-10-16 17:02
94,ppomppu,패션,"아이더 스테롤 윈드스토퍼 구스 헤비다운 (126,090원/무료)","100 기준 80:20 구스 320g 중대장급입니다.



역시즌때 패딩만 8벌 샀다가 모두 반품



반품이유는 가격대비 얇은것들 고어사 겉감이 아닌것들



구매 확정은 2벌 스테롤이랑 씬에어 포스롱",25965,6,10,2025-10-14 22:07
95,ppomppu,뷰티,"10/14, 단하루혜택! 이니스프리 1+1 화산송이 모공 바하 클렌징 폼 150g+전구매 겔마스크팩 증정(13,000/무배)","skt 멤버십 기준입니다.

 

쿠폰 다 받으시고 티멤버십 적용하시면 2개에 8,310원 입니다.

 

메인 화면에서 쿠폰,혜택 들어가셔서 장바구니 5% 쿠폰도 받으세요.

 

구매 기본 적립 715포인트  감안하면 7,000원대 중반 가격 나옵니다.

 

나의 11번가에서 11번가 플러스 들어가셔서 뷰티플러스 가입하셔야 위의 가격 적용됩니다.(무료)



국민,삼성,롯데,신한,농협 카드 추가 할인 됩니다.",15486,16,8,2025-10-14 8:06
96,ppomppu,패션,"타미진스 크루넥 로고 스웨트 셔츠 (46,954원/무료)","타미진스쿠폰 + 풀문20% + 더블5%에

이벤트로 받은 랜덤 포인트까지 전체적용하세요

최종가 46,954원으로 가격 좋네요

가을겨울 입을 맨투맨 필요하신분 추천요",37464,19,10,2025-10-11 16:00
97,ppomppu,패션,"타미힐피거 바시티 경량 봄버자켓 미드나잇 M사이즈 (94,770원~/무료)","색상이랑 사이즈별로 가격은 조금씩 다릅니다

방수소재라 두툼하고 안감에도 충전재가 있어 초겨울까지도 잘 입을듯합니다

국내 105사이즈기준으로 M사니 적당하네요

프리블프 쿠폰 적용시 8만원대에 구매가능하네요",27538,3,15,2025-10-09 14:54
98,ppomppu,패션,"블랙야크 구스라운드경량다운(54,510원/무배)","명절연휴잘들 쉬시고 복귀중 이십니까?
 

본론

라운드 / 경량 /구스 

 

단점

다만 구스가 얼마나 들었는지 나오지는 않았네요

블랙은 100,110 만 남았어요

쫌 몸에비해 팔이 짧은 편인데 소매가 찍찍이가 아니라

흘르는 느낌이 살짝듭니다.",24014,3,9,2025-10-08 10:36
99,ppomppu,패션,"트랙 라인 그래픽 와이드 스웻팬츠 네이비 (11,000원/무료)","와이드 팬츠 벌당 만원대 사이즈도 큰 사이즈까지 전부 있고

여기 브랜드 재질 괜찮았습니다 만천원이면 싸네요",22226,2,10,2025-10-07 18:38
100,ppomppu,패션,"K2 남여공용 롱패딩 벤치다운 (99,490원/무료)","남여공용입니다. 꾸준히 나오는 벤치다운인데, 

 
가격은 4~5만원 싸졌는데 충전재가 전체 덕에서 일부 볼패딩으로 바뀌었네요


오리털 210그람에 볼 섞여있다는거 보니, 주머니 모자 부분은 폴리로된 볼 소재 들어간거 같습니다.


기본 스타일에 적당한 두께감 찾으시면 추천 드립니다. 


크게 고급 스럽진 않으나 옆 트임이나 손목 시보리 처리 등 디테일도 K2 답게 꽤 좋아요


참고로 K2 벤치 기장도 꽤 내려옵니다

 

무릎까지 오는 이런 기장아니고 종아리까지 오고 
 

보통 중고딩들이 많이 입지만 막입기에 좋으니 필요하신분들은 한번 보시면 될거같네요.",21180,4,11,2025-10-03 14:03
101,ppomppu,패션,"블랙야크 고어텍스 자켓 (82,842원/무료)","15% 쿠폰 적용하면 82,842원 나옵니다

브랜드 자체 방수원단 아니고

고어텍스인데 8만 초반대면 저렴하네용",18274,2,9,2025-09-26 23:19
102,ppomppu,패션,"컬럼비아 남여 하이크바운드 방수자켓 (64,150원/무료)","뽐뿌에서 알고 산 옴니테크 방수 자켓입니다.

 

 

7만원대 구매했었는데 빅세일 쿠폰 붙으면서 가격 많이 내려갔네요





깔끔한 기본 디자인이라 요새 잘입고 다닙니다.





상세설명 잘 보시고 구입하셔야 되는게 사이즈가 좀 커요





한치수 내리라는거 못보고 정사이즈 구매했는데, 반~한치수 큽니다.

 

 

교환 귀찮아서 여유입게 입는데 겨울에 내피같은거 껴입으면 그냥 입어도 될거같습니다.





참고로 직수입 제품이라 그런가 모자가 일체형 지퍼는 반대





앞주머니 있고 전체 주머니 마다 지퍼가 되있는데 방수 자켓에 지퍼는 일반





나일론 지퍼라는점이 좀 아쉽긴합니만, 가격이 용서해주네요",16567,3,13,2025-09-22 13:12
103,ppomppu,패션,"캘빈클라인 나일론 우븐 맨투맨 / 25,500원 무배","블랙/카키/베이지 3컬러

나일론 우븐 맨투맨재질이라 

통기성좋고 별점높네요",17706,1,10,2025-09-20 14:56
104,ppomppu,패션,"레노마 남성 슬랙스 팬츠 4종 (27,190원 / 무배)","레노마 남성 슬랙스 팬츠 4종입니다.

 

그레이 / 다크그레이 / 네이비 / 블랙 총 4종있고

 

쿠폰 적용하면 27,190원 나옵니다.

 

평상시에 입고 다니기 좋습니다.",12240,2,7,2025-09-20 4:40
105,ppomppu,잡화,"K2 모란트 고어텍스 중등산화 (84,840원/무료)","K2 고어텍스 중등산화입니다.

기본 디자인도 깔끔하고, BOA적용되어있어서 전체적으로 매끄러운 디자인이라 다른 등산화들이랑 좀 차별화되는 이쁜 디자인입니다.



중량도 488g이니 가벼운편이네요.

 

신으시는 등산화 사이즈로 고르시면 될거같고, 처음 사시는 분들은 일반운동화보다는 한치수 크게 사시면됩니다.

(보통 두꺼운양말과 함께신고 등산화는 딱딱해서, 작으면 발이 아픔)

 

한가위 15%쿠폰 적욘 84,840원입니다.",16784,4,9,2025-09-18 21:27
106,ppomppu,패션,"탑텐밸런스 슈퍼 스트레치 팬츠 / 바람막이 (11,610원~/3만원이상무료","가성비로 입기 좋아요
운동용,일상용으로 괜찮습니다
슈퍼 스트레치 붙은건 신축성 좋은거에요
행사하는거 여러가지 있습니다",22634,2,3,2025-09-18 21:14
107,fmkorea,잡화,"나이키 스트럭처 26 HJ1102-001(삼성페이 삼성카드) (74,009원) (무배)","신세계앱 > 비욘드쇼핑에서

스트럭처26 올검 세일합니다.

15%누구나 쿠폰 및 삼성페이 삼카기준
74,009원입니다.",86155,37,205,2025.10.19 17:46
108,fmkorea,잡화,"락포트 시티 콜 타이 스니커즈 (76,900원) (무료)",전에 올라온게 8만원대였는데 7만원대길래 더 싸서 올려봄,43512,7,32,2025.10.19 12:54
109,fmkorea,잡화,"나이키 코르테즈 DM4044 (64,050원) (무료)","사이즈 빠진게 좀 있는데 전에 올라온 딜이랑 비교하면 훨씬 쌈
롯데백화점꺼고 나이키코리아탭이라 정품임",71514,13,39,2025.10.18 16:22
110,fmkorea,잡화,"아디다스 스니커즈 (34,153원) (무료)","신세계에서 특가 많이 하네요.

15%쿠폰 적용하면 34,153원 이네요

사계절 내내 잘 신었던거네요.",65604,15,47,2025.10.17 21:31
111,fmkorea,의류,"빈폴 퀼팅 패딩 점퍼 BC4838PP25 (79,470원) (0원)","빈폴 온쇼페 들어가서 최저가뜨노
재고 다 XL까지 다 있음 ",74494,29,64,2025.10.18 00:06
112,fmkorea,의류,"페이탈리즘 블랙워싱 와이드핏 청바지 (9,900원) (무료)","전투용 바지입니다 

입고 똥싸고 오줌싸도 괜찮은것같습닌다",213135,77,284,2025.10.16 20:55
113,fmkorea,의류,H&M 미드시즌 세일 (다양) (3만이상무료),"최대 50% 할인에서 최대 70% + 상품 추가로 변경됨


회원 3만원 이상 무배, 비회원 5만원 이상 무배


그 이하는 배송비 2,500원",113684,28,73,2025.10.15 21:57
114,fmkorea,의류,"일꼬르소 캐시미어 블렌드 스트럭처 발마칸 코트 (207,762원) (무료)","색상은 3가지 입니다.(블랙, 네이비, 브라운)

다른상품들도 적용 됩니다.

15% 쿠폰+10% 쿠폰+10000마일리지+페이코 7% 쿠폰(페이코에서 LF 검색후 쿠폰 받기)


15% 쿠폰 및 마일리지는 여기서 받으세요",233278,67,268,2025.10.14 21:31
115,fmkorea,의류,"스파오 베이직 푸퍼_SPJPE4TC11 (카드) (27,240원) (무료)","전투용 블랙 M, L, XL 사이즈 있음
다른색도 있는데 잔여사이즈 다 다름",196797,72,218,2025.10.13 22:26
116,fmkorea,잡화,"나이키 에어 모나크 SE IB2281-700 (76,330원) (무료)","가을엔 아무래도 카멜색 운동화지 싶어서 찾아보다가
에어포스 된장은 너무 많이들 신으니 좀 다른거 없으려나 싶었는데
나이키 에어모나크 카멜색 신규컬러로 나왔길래 공유함
쿠폰에 카드할인까지 적용하니 7만원 중반 나옴",97812,16,74,2025.10.13 11:23
117,fmkorea,의류,"컨셉원 옥스포드 셔츠 (19,900원) (0원)",옥스포드 코튼 100% 재질이라 세탁기 걍 돌려버려도 될거,69074,6,16,2025.10.11 13:01
118,fmkorea,잡화,"반스 스니커즈 균일가 (28,770원) (무료)","유클 15% 쿠폰 있으면 27,790원 없으면 28,770원 나옴

사이즈가 많이 빠져있는게 아쉽긴한데 
사이즈 있는 분들에겐 괜찮은 가격같음",65739,8,35,2025.10.07 21:16
119,fmkorea,잡화,"푸마 스매쉬 벌크 스니커즈 (유클24,240원) (무료)","유클 기준 가격임 
유클 아니면 2.5만인데 둘 다 가격 괜찮음 
사이즈 230부터 290까지 있고 
색상 3가지인데 다 깔끔해서 ㄱㅊ",57523,20,31,2025.10.02 00:33
120,fmkorea,의류,"무신사 스탠다드 바지 여러가지 (7,890원~) (무료)","바지 7,890원부터 다른거도 싼거 많은듯",115376,22,61,2025.09.30 20:12
121,fmkorea,의류,"누디진 린딘 Back2Black (24,360원) (무료)","쿠폰 먹이면 24,360원까지 떨어짐. 무배에 4만이상 구매시 반팔티 증정
모델핏보면 예술이긴한데, 사이즈가 많진 않음. 본인 사이즈만 잘 고르면 가성비 좋은듯",53604,13,70,2025.09.26 18:33
122,fmkorea,뷰티,"미샤 수퍼 아쿠아 울트라 히알론 클렌징 폼, 200ml, 2개 (7,790원) (무료)","마침 폼클렌징 더 떨어졌는데 후기 좋아서 사봄

200ml 1개 기준 개당 3,895원",12004,1,16,2025.10.20 17:51
123,fmkorea,뷰티,"리우젤 그루밍토닝 200 (17,690원) (무료)","저번에 형님들 인기 많아서 다시 가져왔습니다 

(메이플 시럽 아닙니다 드셔도 제책임 아닙니다) 


사은품은 없지만 용량별로 최저가인거 같내요
이전글에 비해서 작은용량은 ㄱㄱ",22261,11,61,2025.10.20 15:19
124,fmkorea,뷰티,"라보에이치 약산성샴푸 400ml 본품 + 400ml 리필 (19,210원) (무료)","아모레퍼시픽 10% 쿠폰 할인받을때 샴푸 400ml + 리필 400ml 19,210원 마지막핫딜 올라온거보다 싸고 지성두피에 쓰기 나쁘지않음",13214,8,37,2025.10.17 11:45
125,fmkorea,뷰티,"무신사스탠다드뷰티 퍼펙트 클리어 클렌징 폼 3개 (8,790원) (무료)","3개부터 구매 가능합니다.

결제창에서 20% 쿠폰 적용하면 8790원 나옵니다",13116,2,27,2025.10.17 10:37
126,fmkorea,뷰티,"닥터지 블랙 스네일 크림 50ml 1+1 (25,550원) (무배)","24시간 뷰티어택으로 역대급 혜택이라고함
10%캐시적립+구매금액대별 사은품 있음
군대에서 쓰고 잘 맞았어서 행사할때 하나 가본다",12635,7,36,2025.10.16 11:59
127,fmkorea,뷰티,"피지오겔 DMT 포맨 올인원 플루이드100ML (19,430원) (무료)","25%쿠폰 적용시 19,430원이고 올인원로션이라 간단하게 바르기 좋음

피부건조한사람 추천",38940,8,28,2025.10.15 18:27
128,fmkorea,뷰티,"아쿠아파워 올인원 200ml 세트(+올인원 100ml) + 3천원 상품권 (39,424원) (무료)","저 이것만 쓰는데요.
지성 피부인데 가벼워서 좋더라구요 향도 깔끔하고..
화장품 잘 모르고, 귀찮아서 올인원만 쓰는지라 제품에 대해서는 더 할 말이 없고

안그래도 핫딜 또 언제 올라오나 싶었는데 https://m.fmkorea.com/9026973335 이거 구매할라다가 한 번 더 찾아봤더니 괜찮아서 올려봅니다.
위 링크는 240ml에 35,840원, 제가 올린 링크는 300ml라 비례식으로 44,800원 나와야되는데 

12%쿠폰 적용해서 39,424원에 SSG 모바일 쿠폰 3천원까지 더하면 체감가는 36,000원대로 떨어지네요 가격 괜찮죠.
*필요하다면 선물포장백도 같이 줍니다.",20108,18,35,2025.10.15 09:28
129,fmkorea,뷰티,"리우젤 헤어그루밍 토닉 (27,540원) (무료?)","처음 써보는 핫딜 글입니다  

반박시 여러분말이 정답입니다 

뷰티 30쿠폰 먹이몬 27,540언
사은품 본품 증정이라 올리브영에서도 못 본 역대가격인듯~",79115,38,180,2025.10.06 19:00
130,fmkorea,뷰티,"색소침착개선 장미연어 PDRN 앰플 50ml (1,590원) (무료)","후기는 없음 ㅜ
근데 이 가격이면 발에 발라도 됨;
혹시 취소되면 내가한거 아님 ㅜㅜ",11079,3,42,2025.09.26 12:07
131,fmkorea,뷰티,"카밀 핸드크림 30ml 10개 (쇼핑백 증정) (10,460원) (무료)","개인적으로 프레쉬랑 센서티브가 제형이 가벼워서 젤 좋아하는데 지금 품절이라 좀 아쉽습니다

가벼운거 좋아하시면 차선으로 스위티 가면 될 것 같습니다


보습 중요하면 인텐시브로 가면 되는데
굉장히 꾸덕하고 좀 기름지다고 생각되어 한겨울 아니면 살짝 무거울 수 있어요",22298,13,36,2025.09.21 21:44
132,fmkorea,의류,"카파 캐주얼 우븐 셋업 + 패딩 베스트 3종 세트 (등쿠제외39,970) (무료)","남성 카파 세트 폰드그룹 몰인데 3종세트 등급혜택 쿠폰까지 사용하면 위짤처럼 최대 35,970원의 한방에 겨울나기 쌉가능

품질은 잘모르겠음 글쓴이도 처음 구매해봄",80498,56,145,2025.10.18 23:16
133,fmkorea,의류,"마운틴벨리 플리스 기모 팬츠 1+1 (19,980원) (무료)",두꺼운 겨울용 기모버전인데 이전에 올라왔던 얇은 여름용 바지랑 가격 비슷해서 싼듯,22721,27,27,2025.10.18 10:35
134,fmkorea,의류,"자바나스 올시즌 카라스웨트셔츠 (25,900원) (무료)",자바나스 럭비티 2.59만 배색 깔끔해서 한벌정도 있으면 나쁘지않음,49184,17,58,2025.10.17 14:52
135,fmkorea,의류,"NBA 숏 다운 패딩 5종 택1 (28,500원) (무배)","개싼것같음 디자인 무난한 것중에 하나씩 
사도 ㄱㅊ을듯 품절좀있음",107199,12,60,2025.10.03 13:01
136,fmkorea,잡화,"푸마 공용 소프트폼 스티커즈 (19,840원) (무료","쿠폰 적용시 19,840원 나옴
디자인 깔끔함
발볼 있는사람은 한치수 업 하고 기본으로 반업은 해야 편한신발임",60109,27,87,2025.09.18 20:18
137,fmkorea,의류,"수피마 코튼 긴팔 카라티 (9,900원) (0원)","만원도 안되고 무배 저렴해서 사이즈 없겠거니 했더니

105까진 잇어서 올린다 전투용 ㄱㄱ",75882,10,34,2025.09.08 19:53
138,fmkorea,의류,"일꼬르소 에센셜 카라 반팔 니트 (24,660원) (무료)","색상은 블랙, 그레이, 크림, 네이비 4종입니다

15% 쿠폰, 7% 쿠폰을 받아야 이가격 나옵니다
쿠폰 받는곳
https://m.lfmall.co.kr/app/event/106614

페이코 포인트 6% 추가할인도 있습니다
페이코에서 LF검색해서 쿠폰 받으시면 됩니다

페이코까지 적용하면 23181원 나옵니다",50689,3,20,2025.09.08 17:52
139,fmkorea,의류,"탑텐밸런스 수퍼 스트레치 조거팬츠 남녀 (11,940원) (3,000원)","탑텐 기능성 조거팬츠인데 평 괜찮고 싸길래 갖고옴
가격 좋아서 두개 쟁여 놓음 ㅎㅎ 
세장부터 무배인듯",50891,8,48,2025.09.07 19:29
140,fmkorea,의류,"지오다노 하프집업 맨투맨 (27,800원) (무배)","하프집업 맨투맨 찜쿠폰 받으면 27800원
기모 없고 탄탄해서 가을에 입기에 좋음
바지 어디든 어울려서 입기 편함",32818,11,29,2025.09.04 13:25
141,fmkorea,의류,"블랙101 남성용 오버핏 데일리 숏 패딩 JN-47(네이비/M) (7,350원) (무료)","많이 이르긴 한데 엄청 싸서 가져옴

다른 색상은 3만원대네ㅜ

M사이즈 네이비만 저가격인듯",30627,4,48,2025.08.29 17:02
142,fmkorea,잡화,"나이키 페가수스 41 FD2722-115 런닝화 신한카드 (88,722원) (무료)","나이키 페가수스 41 런닝화 신한카드 7% 할인 88,722원 

쓱머니 7% 적립 신청해서 사면 가격 나쁘지 않음
나이키 코리아 공식임",202859,53,301,2025.08.25 14:15
143,fmkorea,의류,"PSG 전투용 패딩+플리스 세트 (19,800원) (무료)","소개팅용 아니고 전투용 패딩이랑 플리스 두개해서 19,800원 무료배송

이거 입고 소개팅 나가서 PSG니 자연스레 축구얘기로 전향ㅡ>애프터 성공 같은 나쁜 생각은 ㄴㄴ
기계세탁 가능해서 막입고 막빨기",36187,14,22,2025.08.21 15:02
144,fmkorea,의류,"언리미트 전투용 나일론 밴딩 반바지 (7,920원) (0원)","나일론 100 풀밴딩에 사이즈 넉넉나와서 걍 딱 전투용이에요
후기는 29센치가 실착도 많아서 참고하기 괜찮을 것 같아요",63350,40,42,2025.08.21 00:06
145,fmkorea,의류,"치노 쇼츠_MSE2PH1001 (6,750원) (무료)","쿠폰 사용시 6,750원
 
슈퍼적립 리뷰적립, 멤버쉽적립 등
적립혜택 포함하면 최대 +621원

최종 체감가 6,129원 나옵니다.

사이즈 남아있는 색상은 사놓으면 좋을것같습니다",47151,6,15,2025.08.16 10:35
146,fmkorea,뷰티,"화산송이 모공 바하 클렌징 폼 150g 2개 (10,400원) (무료)",적립금 5천원 이상 있으면 9490원까지 나옵니다,35954,41,71,2025.02.03 15:23
147,fmkorea,뷰티,"무신사 뷰티 3500원 체험딜 몇가지 모음 (3,500원) (0원)","후기쓰면 적립금 3,500원 받을 수 있음

다슈 비녹시딜 스칼프 샴푸 500ml 3,500원",56282,25,33,2025.02.03 11:58
148,fmkorea,뷰티,"클린 퓨어솝 EDP 30ml 2개세트 (25,830원) (무료)","연휴쿠폰 적용되어서
등급상관없이 가격 동일함
2개 가격인데 한개가격보다 저렴

학생이면 데일리로 매일 뿌려도 될 정도로 개무난한 비누향",24798,25,50,2025.01.24 15:24
149,fmkorea,뷰티,"바세린 인텐시브 케어 알로에 수드 로션 바디로션, 400ml, 1개 + 증정 도브 에센셜 너리쉬먼트 바디로션 240ml, 1개 (5,250원) (와우0)","지금 유니레버 증정 행사 중이라 1개만 사도

도브 에센셜 너리쉬먼트 바디로션 240ml, 1개 같이 줍니다.

총 바디로션 2개 오는거라 가격 괜찮은거 같음",63787,47,71,2025.01.10 19:26
150,fmkorea,뷰티,"디누아 레티놀 시카 에너지 앰플 스킨 160ml (3,500원) (0원)","본품 체험딜인거 같습니다.

1개만 구매 가능함",22889,12,37,2025.01.06 14:17
151,fmkorea,뷰티,"바세린 내추럴 클렌징폼 225ml 1+1+1 (4,272원) (무료)","최대할인 55% 난 4272로 구매함
개당 가격 1424
며칠전에 주문 해서 현재 쓰고 잇는데 양 많고 세정력 괜찮고 사용감  만족 하며 쓰는중


가격옆에 누르면 다운 받아지는데  결제할때 할인적용됨",35386,24,68,2025.01.05 14:34
152,fmkorea,뷰티,"한스킨 세븐레이어 세라마이드 크림, 70ml, 1개 (5,900원) (와우0)","용량대비 가격 무난한거 같습니다.

크림 필요하면 괜찮아보임",14213,2,12,2024.12.29 01:46
153,fmkorea,의류,무탠다드 패커블 바막 (2만원대) (무료),"지금 세일중이라 적립금 뭐시기뭐시기하면
2만 3천 언저리로 살수있는데
갠적으로 이 가격이면 유니클로보다 ㅆㅅㅌㅊ같음

색깔다양함",156592,44,125,2025.04.22 15:52
154,fmkorea,의류,"폴햄 반팔티 3+3+3 9장 (37,900원) (무료)","1년 돌려 입고 버려라

이너로 싸게 쟁이기 딱 좋음",32334,3,24,2025.04.19 22:26
155,fmkorea,의류,"글리머 에어쿨링 드라이 기능성 반팔 티셔츠 3P (15,920원) (무료)",작년 포텐갔던 3장짜리보다 가격 저렴,259097,57,314,2025.04.17 12:40
156,fmkorea,의류,"지오다노 024530 코튼 저지 크루넥 반팔 티셔츠 (7,040원) (무료)","핫딜보고 산거 더 싸졌음
한개사도 무배

20수 무난하게 꼭툭튀 없는편",36067,12,34,2025.04.14 17:54